source_run_dir,seed,max_model_points,k_neighbors,remove_modes,observer_count,sampled_observer_count,residual_graph_receipt,spatial_3d_candidate,strict_h3_candidate,rank3_selector,model_order_consensus_rank,model_order_profile_rank,model_order_broken_stick_rank,model_order_rank3_selector,median_dimension,correlation_dimension,local_mle_dimension,selected_model,h3_beats_s2,h3_beats_h2_h4,s2_leakage_pass,s2_distance_correlation,largest_gap_rank,rank3_cumulative_explained_variance,effective_rank,nontrivial_rank3_selector,nontrivial_largest_gap_rank,nontrivial_model_order_consensus_rank,nontrivial_model_order_profile_rank,nontrivial_model_order_broken_stick_rank,nontrivial_model_order_rank3_selector,nontrivial_rank3_cumulative_explained_variance,nontrivial_effective_rank,raw_largest_gap_rank,raw_rank3_selector,removed_common_mode_energy_fraction,edge_count,component_count,finite_pair_fraction,mean_positive_affinity,blockers,error
runs/oph_universe_128k_3p1d_earned,7,512,8,1,8192,512,False,False,False,False,12,12,12,False,2.3957886011422125,3.3902757115379845,1.4013014907464403,H2,True,False,True,0.04534218730931733,3,0.02037101241235399,170.11848386219754,False,2,12,12,12,False,0.020510284163445466,169.13002528564795,2,False,0.00911907869911168,1195,95,0.3500107020547945,0.14995734434356764,overlap_residual_graph_degenerate_or_disconnected;overlap_residual_graph_independent_rank3_selector_false;overlap_residual_graph_not_spatial_3d_candidate;overlap_residual_graph_not_strict_h3_candidate,
runs/oph_universe_128k_3p1d_earned,7,512,8,2,8192,512,False,False,False,False,12,12,12,False,2.6197484526156396,3.6520532485195814,1.587443656711698,H2,True,False,True,0.035815876493943744,1,0.02049627710278721,169.81815324479106,False,1,12,12,12,False,0.020637272857162617,168.8304402846562,2,False,0.017406796714003418,1427,92,0.39436307485322897,0.12565859624922673,overlap_residual_graph_degenerate_or_disconnected;overlap_residual_graph_independent_rank3_selector_false;overlap_residual_graph_not_spatial_3d_candidate;overlap_residual_graph_not_strict_h3_candidate,
runs/oph_universe_128k_3p1d_earned,7,512,8,3,8192,512,False,False,False,False,12,12,12,False,2.535368969340239,3.4335211517542588,1.637216786926219,H2,True,False,True,0.034264235878862175,1,0.020621822103028292,169.8952167369822,False,1,12,12,12,False,0.020764556432628943,168.90867282779718,2,False,0.024150715242166162,1464,92,0.3992554427592955,0.12234901617418213,overlap_residual_graph_degenerate_or_disconnected;overlap_residual_graph_negative_controls_did_not_all_fail;overlap_residual_graph_independent_rank3_selector_false;overlap_residual_graph_not_spatial_3d_candidate;overlap_residual_graph_not_strict_h3_candidate,
runs/oph_universe_128k_3p1d_earned,7,512,8,4,8192,512,False,False,False,False,12,12,12,False,2.5333999305867136,3.4389537103577177,1.6278461508157094,H2,True,False,True,0.03421010767341432,1,0.020718872364797147,168.85700265537045,False,1,12,12,12,False,0.020862958019583763,167.8701987124316,2,False,0.03069659586114311,1468,92,0.3992554427592955,0.12649988046340221,overlap_residual_graph_degenerate_or_disconnected;overlap_residual_graph_negative_controls_did_not_all_fail;overlap_residual_graph_independent_rank3_selector_false;overlap_residual_graph_not_spatial_3d_candidate;overlap_residual_graph_not_strict_h3_candidate,
runs/oph_universe_128k_3p1d_earned,7,512,12,1,8192,512,False,False,False,False,12,12,12,False,2.3901355589581903,3.3778550954565505,1.40241602245983,H2,True,False,True,0.0453347119452043,5,0.02037975063673075,170.0888114162919,False,4,12,12,12,False,0.020519142304546167,169.1003956218757,1,False,0.00911907869911168,1271,95,0.3500107020547945,0.1412098485062781,overlap_residual_graph_degenerate_or_disconnected;overlap_residual_graph_independent_rank3_selector_false;overlap_residual_graph_not_spatial_3d_candidate;overlap_residual_graph_not_strict_h3_candidate,
runs/oph_universe_128k_3p1d_earned,7,512,12,2,8192,512,False,False,False,False,12,12,12,False,2.6113640338480266,3.616599810963537,1.606128256732516,H2,True,False,True,0.03538412731615304,2,0.02053369302430361,169.6526078790097,False,1,12,12,12,False,0.020675205800678755,168.6650429435564,1,False,0.017406796714003418,1676,92,0.39436307485322897,0.10767956775346357,overlap_residual_graph_degenerate_or_disconnected;overlap_residual_graph_independent_rank3_selector_false;overlap_residual_graph_not_spatial_3d_candidate;overlap_residual_graph_not_strict_h3_candidate,
runs/oph_universe_128k_3p1d_earned,7,512,12,3,8192,512,False,False,False,False,12,12,12,False,2.4768356616984786,3.2810236729346203,1.6726476504623367,H2,True,False,True,0.03362853064378325,2,0.020737074552598607,169.47735854813513,False,1,12,12,12,False,0.020881414368103618,168.4913897059133,1,False,0.024150715242166162,1864,92,0.3992554427592955,0.09794826723131794,overlap_residual_graph_degenerate_or_disconnected;overlap_residual_graph_negative_controls_did_not_all_fail;overlap_residual_graph_independent_rank3_selector_false;overlap_residual_graph_not_spatial_3d_candidate;overlap_residual_graph_not_strict_h3_candidate,
runs/oph_universe_128k_3p1d_earned,7,512,12,4,8192,512,False,False,False,False,12,12,12,False,2.470134618852582,3.270553925457074,1.6697153122480897,H2,True,False,True,0.03364891611534057,7,0.02083299722958685,168.46160520031492,False,6,12,12,12,False,0.02097868015812504,167.47537727975885,1,False,0.03069659586114311,1869,92,0.3992554427592955,0.1013333945615152,overlap_residual_graph_degenerate_or_disconnected;overlap_residual_graph_negative_controls_did_not_all_fail;overlap_residual_graph_independent_rank3_selector_false;overlap_residual_graph_not_spatial_3d_candidate;overlap_residual_graph_not_strict_h3_candidate,
runs/oph_universe_128k_3p1d_earned,7,512,16,1,8192,512,False,False,False,False,12,12,12,False,2.3901355589581903,3.3778550954565505,1.40241602245983,H2,True,False,True,0.0453347119452043,1,0.020379966411164813,170.08855253506687,False,1,12,12,12,False,0.020519361040761238,169.10013826626047,1,False,0.00911907869911168,1274,95,0.3500107020547945,0.1408792436567594,overlap_residual_graph_degenerate_or_disconnected;overlap_residual_graph_independent_rank3_selector_false;overlap_residual_graph_not_spatial_3d_candidate;overlap_residual_graph_not_strict_h3_candidate,
runs/oph_universe_128k_3p1d_earned,7,512,16,2,8192,512,False,False,False,False,12,12,12,False,2.6108368254449323,3.615141950542028,1.6065317003478363,H2,True,False,True,0.03538271886963548,1,0.020535925282267258,169.64678278376917,False,3,12,12,12,False,0.020677468934623196,168.65923086394045,1,False,0.017406796714003418,1708,92,0.39436307485322897,0.10569961086744797,overlap_residual_graph_degenerate_or_disconnected;overlap_residual_graph_independent_rank3_selector_false;overlap_residual_graph_not_spatial_3d_candidate;overlap_residual_graph_not_strict_h3_candidate,
runs/oph_universe_128k_3p1d_earned,7,512,16,3,8192,512,False,False,False,False,12,12,12,False,2.4612310915903906,3.2317822384209713,1.69067994475981,H2,True,False,True,0.03358891901209665,1,0.02078192557703501,169.2653491842621,False,5,12,12,12,False,0.020926892618688405,168.27955089930992,1,False,0.024150715242166162,2085,92,0.3992554427592955,0.08828387706318919,overlap_residual_graph_degenerate_or_disconnected;overlap_residual_graph_negative_controls_did_not_all_fail;overlap_residual_graph_independent_rank3_selector_false;overlap_residual_graph_not_spatial_3d_candidate;overlap_residual_graph_not_strict_h3_candidate,
runs/oph_universe_128k_3p1d_earned,7,512,16,4,8192,512,False,False,False,False,12,12,12,False,2.447506210101297,3.2081897957947243,1.6868226244078695,H2,True,False,True,0.033607975430505733,3,0.02087742974933454,168.26445067402,False,2,12,12,12,False,0.02102373694639011,167.27840102466303,1,False,0.03069659586114311,2089,92,0.3992554427592955,0.09137453969140875,overlap_residual_graph_degenerate_or_disconnected;overlap_residual_graph_negative_controls_did_not_all_fail;overlap_residual_graph_independent_rank3_selector_false;overlap_residual_graph_not_spatial_3d_candidate;overlap_residual_graph_not_strict_h3_candidate,
runs/oph_universe_128k_3p1d_earned,7,512,24,1,8192,512,False,False,False,False,12,12,12,False,2.3901355589581903,3.3778550954565505,1.40241602245983,H2,True,False,True,0.0453347119452043,1,0.020379966411164813,170.08855253506687,False,1,12,12,12,False,0.020519361040761238,169.10013826626047,1,False,0.00911907869911168,1274,95,0.3500107020547945,0.1408792436567594,overlap_residual_graph_degenerate_or_disconnected;overlap_residual_graph_independent_rank3_selector_false;overlap_residual_graph_not_spatial_3d_candidate;overlap_residual_graph_not_strict_h3_candidate,
runs/oph_universe_128k_3p1d_earned,7,512,24,2,8192,512,False,False,False,False,12,12,12,False,2.6127967549891857,3.6190618096305354,1.6065317003478363,H2,True,False,True,0.03541221436870655,2,0.020536546697938175,169.6408432381559,False,1,12,12,12,False,0.020678098946148898,168.6532904897347,1,False,0.017406796714003418,1710,92,0.39436307485322897,0.10560209088594451,overlap_residual_graph_degenerate_or_disconnected;overlap_residual_graph_independent_rank3_selector_false;overlap_residual_graph_not_spatial_3d_candidate;overlap_residual_graph_not_strict_h3_candidate,
runs/oph_universe_128k_3p1d_earned,7,512,24,3,8192,512,False,False,False,False,12,12,12,False,2.469509223252188,3.2483385017445654,1.69067994475981,H2,True,False,True,0.03346748300798986,1,0.020799560050632365,169.1540722949245,False,1,12,12,12,False,0.020944774079369278,168.16830996029177,1,False,0.024150715242166162,2205,92,0.3992554427592955,0.08375602691527526,overlap_residual_graph_degenerate_or_disconnected;overlap_residual_graph_negative_controls_did_not_all_fail;overlap_residual_graph_independent_rank3_selector_false;overlap_residual_graph_not_spatial_3d_candidate;overlap_residual_graph_not_strict_h3_candidate,
runs/oph_universe_128k_3p1d_earned,7,512,24,4,8192,512,False,False,False,False,12,12,12,False,2.4543376281207383,3.2218526318336074,1.6868226244078695,H2,True,False,True,0.033503364055945416,2,0.02089580981717391,168.14339810689077,False,1,12,12,12,False,0.021042375643691276,167.1573784202921,1,False,0.03069659586114311,2213,92,0.3992554427592955,0.08658454663657605,overlap_residual_graph_degenerate_or_disconnected;overlap_residual_graph_negative_controls_did_not_all_fail;overlap_residual_graph_independent_rank3_selector_false;overlap_residual_graph_not_spatial_3d_candidate;overlap_residual_graph_not_strict_h3_candidate,
runs/oph_universe_128k_3p1d_earned,7,768,8,1,8192,768,False,False,False,False,12,12,12,False,2.0931033268412724,2.80440869318246,1.381797960500085,H3,True,True,False,0.08231367704436969,6,0.015200213556098982,253.60062698194446,False,5,12,12,12,False,0.015277621258015985,252.6380395807333,1,False,0.009764382579122757,3458,6,0.9690046447196871,0.12980011011107323,overlap_residual_graph_degenerate_or_disconnected;overlap_residual_graph_independent_rank3_selector_false;overlap_residual_graph_not_spatial_3d_candidate;overlap_residual_graph_not_strict_h3_candidate,
runs/oph_universe_128k_3p1d_earned,7,768,8,2,8192,768,True,False,False,False,12,12,12,False,2.576028858381486,3.692961208503888,1.4590965082590837,H3,True,True,False,0.19110008205238246,2,0.015139358847554036,254.75094856787325,False,1,12,12,12,False,0.015211068950073845,253.7886718565575,1,False,0.019028441442868048,4094,1,1.0,0.10736396168227927,overlap_residual_graph_independent_rank3_selector_false;overlap_residual_graph_not_spatial_3d_candidate;overlap_residual_graph_not_strict_h3_candidate,
runs/oph_universe_128k_3p1d_earned,7,768,8,3,8192,768,True,False,False,False,12,12,12,False,2.639523659146536,3.7995591845243095,1.4794881337687624,H3,True,True,False,0.17548158852717227,2,0.015117258646113683,254.8150244782097,False,1,12,12,12,False,0.015186958513945735,253.8523763699918,1,False,0.026247658734654147,4136,1,1.0,0.10533290158092636,overlap_residual_graph_independent_rank3_selector_false;overlap_residual_graph_not_spatial_3d_candidate;overlap_residual_graph_not_strict_h3_candidate,
runs/oph_universe_128k_3p1d_earned,7,768,8,4,8192,768,True,False,False,False,12,12,12,False,2.4411014827901028,3.3577819091048924,1.5244210564753136,H3,True,True,False,0.16349359475195294,1,0.015050208820121503,255.70513450099787,False,2,12,12,12,False,0.01511651377985001,254.74231657028,1,False,0.032634964702806295,4197,1,1.0,0.10260195640187468,overlap_residual_graph_independent_rank3_selector_false;overlap_residual_graph_not_spatial_3d_candidate;overlap_residual_graph_not_strict_h3_candidate,
runs/oph_universe_128k_3p1d_earned,7,768,12,1,8192,768,False,False,False,False,12,12,12,False,2.31798850470334,3.1993942654101915,1.4365827439964889,H2,True,False,False,0.06366676672420025,6,0.015312540918233702,252.25258437700253,False,5,12,12,12,False,0.015391099867064044,251.29066049880367,1,False,0.009764382579122757,4935,6,0.9690046447196871,0.09170519186509633,overlap_residual_graph_degenerate_or_disconnected;overlap_residual_graph_independent_rank3_selector_false;overlap_residual_graph_not_spatial_3d_candidate;overlap_residual_graph_not_strict_h3_candidate,
runs/oph_universe_128k_3p1d_earned,7,768,12,2,8192,768,True,False,False,False,12,12,12,False,2.7185918427082263,3.8925196503108226,1.54466403510563,H2,True,False,False,0.15924499509342782,1,0.015293954957334838,253.1651040182335,False,4,12,12,12,False,0.015366369980268099,252.20419300921893,1,False,0.019028441442868048,6322,1,1.0,0.07057910469057393,overlap_residual_graph_independent_rank3_selector_false;overlap_residual_graph_not_spatial_3d_candidate;overlap_residual_graph_not_strict_h3_candidate,
runs/oph_universe_128k_3p1d_earned,7,768,12,3,8192,768,True,False,False,False,12,12,12,False,2.6974413747588017,3.806873939910774,1.5880088096068294,H2,True,False,False,0.1533656625029546,1,0.015276065122211932,253.35843665907848,False,4,12,12,12,False,0.015345471813739757,252.39751893087592,1,False,0.026247658734654147,6432,1,1.0,0.06884654406250243,overlap_residual_graph_independent_rank3_selector_false;overlap_residual_graph_not_spatial_3d_candidate;overlap_residual_graph_not_strict_h3_candidate,
runs/oph_universe_128k_3p1d_earned,7,768,12,4,8192,768,True,False,False,False,12,12,12,False,2.5826195847305002,3.5420899181580996,1.6231492513029007,H2,True,False,False,0.1498970182447416,1,0.015246315026251601,253.93384520905627,False,4,12,12,12,False,0.015313764306589067,252.97310855143436,1,False,0.032634964702806295,6520,1,1.0,0.06749178460870028,overlap_residual_graph_independent_rank3_selector_false;overlap_residual_graph_not_spatial_3d_candidate;overlap_residual_graph_not_strict_h3_candidate,
runs/oph_universe_128k_3p1d_earned,7,768,16,1,8192,768,False,False,False,False,12,12,12,False,2.361262127559948,3.2164057915920896,1.5061184635278062,H2,True,False,False,0.061597832538753124,8,0.015381323591581708,251.21340818830265,False,7,12,12,12,False,0.01546059171293301,250.25160115135816,2,False,0.009764382579122757,6156,6,0.9690046447196871,0.07371348229714715,overlap_residual_graph_degenerate_or_disconnected;overlap_residual_graph_independent_rank3_selector_false;overlap_residual_graph_not_spatial_3d_candidate;overlap_residual_graph_not_strict_h3_candidate,
runs/oph_universe_128k_3p1d_earned,7,768,16,2,8192,768,True,False,False,False,12,12,12,False,2.7146730393216623,3.8275787943128403,1.601767284330484,H2,True,False,False,0.15592180968648833,6,0.015384511205853327,252.1197350891825,False,5,12,12,12,False,0.015457482127571849,251.15941476486825,2,False,0.019028441442868048,8066,1,1.0,0.055699163971650076,overlap_residual_graph_independent_rank3_selector_false;overlap_residual_graph_not_spatial_3d_candidate;overlap_residual_graph_not_strict_h3_candidate,
runs/oph_universe_128k_3p1d_earned,7,768,16,3,8192,768,True,False,False,False,12,12,12,False,2.6786066115883633,3.7130248804965142,1.6441883426802126,H2,True,False,False,0.15251157325888423,1,0.015384823025993685,252.37783331974495,False,5,12,12,12,False,0.0154551384622612,251.41799442365928,2,False,0.026247658734654147,8349,1,1.0,0.05357822924880146,overlap_residual_graph_independent_rank3_selector_false;overlap_residual_graph_not_spatial_3d_candidate;overlap_residual_graph_not_strict_h3_candidate,
runs/oph_universe_128k_3p1d_earned,7,768,16,4,8192,768,True,False,False,False,12,12,12,False,2.570900254475954,3.456136878167753,1.6856636307841546,H2,True,False,False,0.1509939950485051,1,0.015371978056283318,252.84968358769783,False,4,12,12,12,False,0.0154405999131422,251.8902707934768,2,False,0.032634964702806295,8453,1,1.0,0.05273074504124796,overlap_residual_graph_independent_rank3_selector_false;overlap_residual_graph_not_spatial_3d_candidate;overlap_residual_graph_not_strict_h3_candidate,
runs/oph_universe_128k_3p1d_earned,7,768,24,1,8192,768,False,False,False,False,12,12,12,False,2.3536520471027065,3.2011856306776068,1.5061184635278062,H2,True,False,False,0.06115184488757718,8,0.015482652782491028,249.70459738624066,False,7,12,12,12,False,0.015562971477038603,248.74296971089532,1,False,0.009764382579122757,8043,6,0.9690046447196871,0.0565404107719884,overlap_residual_graph_degenerate_or_disconnected;overlap_residual_graph_independent_rank3_selector_false;overlap_residual_graph_not_spatial_3d_candidate;overlap_residual_graph_not_strict_h3_candidate,
runs/oph_universe_128k_3p1d_earned,7,768,24,2,8192,768,True,False,False,False,12,12,12,False,2.727139943368707,3.8525126024069296,1.601767284330484,H2,True,False,False,0.1522430726859864,6,0.015493223193045979,250.51122450732296,False,5,12,12,12,False,0.015566813025863683,249.55112100026733,1,False,0.019028441442868048,10216,1,1.0,0.04414107465191107,overlap_residual_graph_independent_rank3_selector_false;overlap_residual_graph_not_spatial_3d_candidate;overlap_residual_graph_not_strict_h3_candidate,
runs/oph_universe_128k_3p1d_earned,7,768,24,3,8192,768,True,False,False,False,12,12,12,False,2.672301278153905,3.7004142136275973,1.6441883426802126,H2,True,False,False,0.15238610330985608,6,0.015519301651929005,250.6272338107581,False,5,12,12,12,False,0.015590649375895145,249.66798759352335,1,False,0.026247658734654147,11087,1,1.0,0.04066761350337088,overlap_residual_graph_independent_rank3_selector_false;overlap_residual_graph_not_spatial_3d_candidate;overlap_residual_graph_not_strict_h3_candidate,
runs/oph_universe_128k_3p1d_earned,7,768,24,4,8192,768,True,False,False,False,12,12,12,False,2.5780826049332277,3.470501579082301,1.6856636307841546,H2,True,False,False,0.1471869678015369,1,0.015535502792232191,251.04303868662413,False,5,12,12,12,False,0.015605658761124594,250.08479642793128,1,False,0.032634964702806295,11420,1,1.0,0.03951239542087703,overlap_residual_graph_independent_rank3_selector_false;overlap_residual_graph_not_spatial_3d_candidate;overlap_residual_graph_not_strict_h3_candidate,
runs/oph_universe_128k_3p1d_earned,7,1024,8,1,8192,1024,False,False,False,False,12,12,12,False,1.9485094092748065,2.546241343828925,1.3507774747206878,H3,True,True,False,0.32557832384573704,4,0.012294449761563898,322.9778455009074,False,3,12,12,12,False,0.01234470739439582,322.0255434112323,14,False,0.01130755843851514,4701,2,0.9960975684261975,0.16462750929030368,overlap_residual_graph_degenerate_or_disconnected;overlap_residual_graph_negative_controls_did_not_all_fail;overlap_residual_graph_independent_rank3_selector_false;overlap_residual_graph_not_spatial_3d_candidate;overlap_residual_graph_not_strict_h3_candidate,
runs/oph_universe_128k_3p1d_earned,7,1024,8,2,8192,1024,True,False,False,False,12,12,12,False,2.045776130611734,2.7125872792122427,1.378964982011225,H3,True,True,False,0.3754893965009471,3,0.012219724366704822,324.6949977764803,False,2,12,12,12,False,0.012267173896251645,323.7424504126968,14,False,0.020623026229963835,4904,1,1.0,0.15416020219501603,overlap_residual_graph_independent_rank3_selector_false;overlap_residual_graph_not_spatial_3d_candidate;overlap_residual_graph_not_strict_h3_candidate,
runs/oph_universe_128k_3p1d_earned,7,1024,8,3,8192,1024,True,False,False,False,12,12,12,False,2.050451525952449,2.696812548387334,1.4040905035175637,H3,True,True,False,0.36219055912948983,1,0.012200318405489732,325.6123698900743,False,2,12,12,12,False,0.01224705651761425,324.660330851129,14,False,0.02817619147399569,5001,1,1.0,0.15030802294733256,overlap_residual_graph_independent_rank3_selector_false;overlap_residual_graph_not_spatial_3d_candidate;overlap_residual_graph_not_strict_h3_candidate,
runs/oph_universe_128k_3p1d_earned,7,1024,8,4,8192,1024,True,False,False,False,12,12,12,False,2.180117900547125,2.945720215304854,1.4145155857893956,H3,True,True,False,0.3086660646230736,1,0.012155800687107197,326.9629323399129,False,2,12,12,12,False,0.012201456193926527,326.01113676419686,14,False,0.03539413327489072,5071,1,1.0,0.14582630529607327,overlap_residual_graph_independent_rank3_selector_false;overlap_residual_graph_not_spatial_3d_candidate;overlap_residual_graph_not_strict_h3_candidate,
runs/oph_universe_128k_3p1d_earned,7,1024,12,1,8192,1024,False,False,False,False,12,12,12,False,2.1984978131916724,3.012597992330101,1.3843976340532436,H3,True,True,False,0.22128563273401636,4,0.012387825676230282,321.55586769168315,False,3,12,12,12,False,0.012438248624068267,320.6047539234117,15,False,0.01130755843851514,6916,2,0.9960975684261975,0.11293072875651115,overlap_residual_graph_degenerate_or_disconnected;overlap_residual_graph_negative_controls_did_not_all_fail;overlap_residual_graph_independent_rank3_selector_false;overlap_residual_graph_not_spatial_3d_candidate;overlap_residual_graph_not_strict_h3_candidate,
runs/oph_universe_128k_3p1d_earned,7,1024,12,2,8192,1024,False,False,False,False,12,12,12,False,2.2867943865291824,3.166172141933928,1.4074166311244367,H3,True,True,False,0.29811217886692204,4,0.012316221829847923,323.55715142825267,False,3,12,12,12,False,0.012364437718024866,322.6062546165985,15,False,0.020623026229963835,7537,1,1.0,0.10124686010320053,overlap_residual_graph_negative_controls_did_not_all_fail;overlap_residual_graph_independent_rank3_selector_false;overlap_residual_graph_not_spatial_3d_candidate;overlap_residual_graph_not_strict_h3_candidate,
runs/oph_universe_128k_3p1d_earned,7,1024,12,3,8192,1024,False,False,False,False,12,12,12,False,2.2494082252787257,3.0662537541871995,1.4325626963702518,H3,True,True,False,0.2948765823689449,4,0.012307896476596468,324.1054303722015,False,3,12,12,12,False,0.012354032452087018,323.1549681258828,15,False,0.02817619147399569,7782,1,1.0,0.09785386046934447,overlap_residual_graph_negative_controls_did_not_all_fail;overlap_residual_graph_independent_rank3_selector_false;overlap_residual_graph_not_spatial_3d_candidate;overlap_residual_graph_not_strict_h3_candidate,
runs/oph_universe_128k_3p1d_earned,7,1024,12,4,8192,1024,True,False,False,False,12,12,12,False,2.413896505382913,3.379136623504509,1.4486563872613172,H3,True,True,False,0.26049388167151183,3,0.012272648394727918,325.4665434125774,False,2,12,12,12,False,0.012316037876277032,324.51665202386556,15,False,0.03539413327489072,8045,1,1.0,0.09327585652612023,overlap_residual_graph_independent_rank3_selector_false;overlap_residual_graph_not_spatial_3d_candidate;overlap_residual_graph_not_strict_h3_candidate,
runs/oph_universe_128k_3p1d_earned,7,1024,16,1,8192,1024,False,False,False,False,12,12,12,False,2.215146081469144,3.020443500034377,1.409848662903911,H3,True,True,False,0.21513857391347324,5,0.0124579830409597,320.5242316547229,False,4,12,12,12,False,0.012508400000408544,319.57404614498677,15,False,0.01130755843851514,9055,2,0.9960975684261975,0.08661171394359606,overlap_residual_graph_degenerate_or_disconnected;overlap_residual_graph_negative_controls_did_not_all_fail;overlap_residual_graph_independent_rank3_selector_false;overlap_residual_graph_not_spatial_3d_candidate;overlap_residual_graph_not_strict_h3_candidate,
runs/oph_universe_128k_3p1d_earned,7,1024,16,2,8192,1024,False,False,False,False,12,12,12,False,2.2910627376439967,3.155204095291024,1.4269213799969696,H3,True,True,False,0.28593777881991944,4,0.012395718960927471,322.5133418515404,False,3,12,12,12,False,0.01244457795846965,321.56368310523777,15,False,0.020623026229963835,10090,1,1.0,0.07604023410683995,overlap_residual_graph_negative_controls_did_not_all_fail;overlap_residual_graph_independent_rank3_selector_false;overlap_residual_graph_not_spatial_3d_candidate;overlap_residual_graph_not_strict_h3_candidate,
runs/oph_universe_128k_3p1d_earned,7,1024,16,3,8192,1024,False,False,False,False,12,12,12,False,2.277617340975188,3.1044468506676113,1.4507878312827647,H2,True,False,False,0.27367473420076516,4,0.012389019974314264,323.0400083748971,False,3,12,12,12,False,0.012435796448014543,322.0908168285047,15,False,0.02817619147399569,10404,1,1.0,0.07369150349121296,overlap_residual_graph_negative_controls_did_not_all_fail;overlap_residual_graph_independent_rank3_selector_false;overlap_residual_graph_not_spatial_3d_candidate;overlap_residual_graph_not_strict_h3_candidate,
runs/oph_universe_128k_3p1d_earned,7,1024,16,4,8192,1024,False,False,False,False,12,12,12,False,2.429308817441658,3.3930601023888944,1.4655575324944223,H2,True,False,False,0.2515889299236647,4,0.012362945300751958,324.2907451973689,False,3,12,12,12,False,0.012407022784440313,323.342300244176,15,False,0.03539413327489072,10900,1,1.0,0.06947556604885416,overlap_residual_graph_negative_controls_did_not_all_fail;overlap_residual_graph_independent_rank3_selector_false;overlap_residual_graph_not_spatial_3d_candidate;overlap_residual_graph_not_strict_h3_candidate,
runs/oph_universe_128k_3p1d_earned,7,1024,24,1,8192,1024,False,False,False,False,12,12,12,False,2.287041517361701,3.164221222955344,1.4098618117680581,H2,True,False,False,0.21318758803105278,5,0.012530288592566743,319.4838151564582,False,4,12,12,12,False,0.01258031912126059,318.5346065606889,15,False,0.01130755843851514,12270,2,0.9960975684261975,0.06411919776921336,overlap_residual_graph_degenerate_or_disconnected;overlap_residual_graph_negative_controls_did_not_all_fail;overlap_residual_graph_independent_rank3_selector_false;overlap_residual_graph_not_spatial_3d_candidate;overlap_residual_graph_not_strict_h3_candidate,
runs/oph_universe_128k_3p1d_earned,7,1024,24,2,8192,1024,False,False,False,False,12,12,12,False,2.327383392131979,3.2278454042669886,1.4269213799969696,H2,True,False,False,0.27439173640451225,4,0.012484614647235694,321.3808816915791,False,3,12,12,12,False,0.012534152795597907,320.43265251719305,15,False,0.020623026229963835,14072,1,1.0,0.0548566193236137,overlap_residual_graph_negative_controls_did_not_all_fail;overlap_residual_graph_independent_rank3_selector_false;overlap_residual_graph_not_spatial_3d_candidate;overlap_residual_graph_not_strict_h3_candidate,
runs/oph_universe_128k_3p1d_earned,7,1024,24,3,8192,1024,False,False,False,False,12,12,12,False,2.31509634550984,3.179404859736915,1.4507878312827647,H2,True,False,False,0.2600070904093953,4,0.012485583669821073,321.8721266285277,False,3,12,12,12,False,0.012533130561862685,320.92457118461755,15,False,0.02817619147399569,14771,1,1.0,0.05231151288986247,overlap_residual_graph_negative_controls_did_not_all_fail;overlap_residual_graph_independent_rank3_selector_false;overlap_residual_graph_not_spatial_3d_candidate;overlap_residual_graph_not_strict_h3_candidate,
runs/oph_universe_128k_3p1d_earned,7,1024,24,4,8192,1024,True,False,False,False,12,12,12,False,2.4434952404622265,3.4214329484300303,1.4655575324944223,H2,True,False,False,0.24029985398320813,4,0.012467008563185309,323.0458550624265,False,3,12,12,12,False,0.012511891025084515,322.09921266080926,15,False,0.03539413327489072,15631,1,1.0,0.04892023721161545,overlap_residual_graph_independent_rank3_selector_false;overlap_residual_graph_not_spatial_3d_candidate;overlap_residual_graph_not_strict_h3_candidate,
runs/oph_universe_128k_3p1d_earned,11,512,8,1,8192,512,False,False,False,False,12,12,12,False,2.7892062723677125,3.9375974316609055,1.6408151130745199,H2,True,False,True,0.031241718567031285,13,0.02126903444439246,173.64819794874083,False,12,12,12,12,False,0.02142090174339586,172.67324572569376,3,False,0.017137092671513882,2188,10,0.9085432974559687,0.08971144662715765,overlap_residual_graph_degenerate_or_disconnected;overlap_residual_graph_independent_rank3_selector_false;overlap_residual_graph_not_spatial_3d_candidate;overlap_residual_graph_not_strict_h3_candidate,
runs/oph_universe_128k_3p1d_earned,11,512,8,2,8192,512,False,False,False,False,12,12,12,False,3.079238081863876,4.427938955964305,1.7305372077634469,H3,True,True,True,0.036860381901031504,15,0.021433315582089267,169.74997234798488,False,14,12,12,12,False,0.021586638163338695,168.7713162808786,3,False,0.03104651034844598,2593,3,0.9844361545988258,0.07406732832257397,overlap_residual_graph_degenerate_or_disconnected;overlap_residual_graph_independent_rank3_selector_false;overlap_residual_graph_not_spatial_3d_candidate;overlap_residual_graph_not_strict_h3_candidate,
runs/oph_universe_128k_3p1d_earned,11,512,8,3,8192,512,True,False,False,False,12,12,12,False,3.1014024839813183,4.440919266421194,1.7618857015414433,H2,True,False,False,0.06139708089225811,1,0.021399563826246536,172.27211278831123,False,15,12,12,12,False,0.021546442486345598,171.29685155947732,3,False,0.04202118231666272,2660,1,1.0,0.07443837593213863,overlap_residual_graph_independent_rank3_selector_false;overlap_residual_graph_not_spatial_3d_candidate;overlap_residual_graph_not_strict_h3_candidate,
runs/oph_universe_128k_3p1d_earned,11,512,8,4,8192,512,True,False,False,False,12,12,12,False,2.961184032799359,4.087660852753837,1.834707212844881,H2,True,False,False,0.12545987023107474,1,0.021292980333141854,172.4131795865366,False,8,12,12,12,False,0.021403195929727586,171.43765138457644,3,False,0.0527556362719766,2734,1,1.0,0.06669788480051687,overlap_residual_graph_independent_rank3_selector_false;overlap_residual_graph_not_spatial_3d_candidate;overlap_residual_graph_not_strict_h3_candidate,
runs/oph_universe_128k_3p1d_earned,11,512,12,1,8192,512,False,False,False,False,12,12,12,False,2.7719574452147753,3.8181574671868046,1.725757423242746,H2,True,False,True,0.03148662105190024,13,0.021470947101716823,171.49592098232125,False,12,12,12,12,False,0.021625722012841523,170.5201973575953,1,False,0.017137092671513882,2781,10,0.9085432974559687,0.07086164040057703,overlap_residual_graph_degenerate_or_disconnected;overlap_residual_graph_independent_rank3_selector_false;overlap_residual_graph_not_spatial_3d_candidate;overlap_residual_graph_not_strict_h3_candidate,
runs/oph_universe_128k_3p1d_earned,11,512,12,2,8192,512,False,False,False,False,12,12,12,False,2.979492749084192,4.106418487329882,1.852567010838502,H2,True,False,True,0.03974258671124075,11,0.021593671410263186,168.77268089854996,False,10,12,12,12,False,0.021749312001151246,167.79442425314642,1,False,0.03104651034844598,3337,3,0.9844361545988258,0.05816004715414733,overlap_residual_graph_degenerate_or_disconnected;overlap_residual_graph_independent_rank3_selector_false;overlap_residual_graph_not_spatial_3d_candidate;overlap_residual_graph_not_strict_h3_candidate,
runs/oph_universe_128k_3p1d_earned,11,512,12,3,8192,512,True,False,False,False,12,12,12,False,3.0287582107284403,4.145020842319965,1.912495579136916,H2,True,False,False,0.06397621048444024,1,0.021597054623561242,170.93668592671074,False,4,12,12,12,False,0.02174673137779988,169.96178774910297,1,False,0.04202118231666272,3447,1,1.0,0.05813033349990806,overlap_residual_graph_independent_rank3_selector_false;overlap_residual_graph_not_spatial_3d_candidate;overlap_residual_graph_not_strict_h3_candidate,
runs/oph_universe_128k_3p1d_earned,11,512,12,4,8192,512,True,False,False,False,12,12,12,False,2.9529097019041073,3.823451269085305,2.0823681347229095,H2,True,False,False,0.11989077010106292,1,0.021489430519188217,171.95021566979293,False,8,12,12,12,False,0.021602058701872647,170.97637622217593,1,False,0.0527556362719766,3615,1,1.0,0.05127677724514374,overlap_residual_graph_independent_rank3_selector_false;overlap_residual_graph_not_spatial_3d_candidate;overlap_residual_graph_not_strict_h3_candidate,
runs/oph_universe_128k_3p1d_earned,11,512,16,1,8192,512,False,False,False,False,12,12,12,False,2.8245378692025307,3.8175611576450357,1.8315145807600257,H2,True,False,True,0.03192551012867795,13,0.021582662432601315,170.2035854942872,False,12,12,12,12,False,0.021739058016190013,169.22726509647305,1,False,0.017137092671513882,3181,10,0.9085432974559687,0.06198398735346416,overlap_residual_graph_degenerate_or_disconnected;overlap_residual_graph_independent_rank3_selector_false;overlap_residual_graph_not_spatial_3d_candidate;overlap_residual_graph_not_strict_h3_candidate,
runs/oph_universe_128k_3p1d_earned,11,512,16,2,8192,512,False,False,False,False,12,12,12,False,3.0221620356338748,4.078676483844051,1.9656475874236987,H2,True,False,True,0.039789191929377736,6,0.021611599992856206,169.68046650892688,False,5,12,12,12,False,0.021767500838621102,168.70371407776491,1,False,0.03104651034844598,3795,3,0.9844361545988258,0.05126874396202365,overlap_residual_graph_degenerate_or_disconnected;overlap_residual_graph_independent_rank3_selector_false;overlap_residual_graph_not_spatial_3d_candidate;overlap_residual_graph_not_strict_h3_candidate,
runs/oph_universe_128k_3p1d_earned,11,512,16,3,8192,512,True,False,False,False,12,12,12,False,3.0421196463565066,4.107096999860704,1.9771422928523097,H2,True,False,False,0.06677563362145252,1,0.021698709200414765,169.68039798627487,False,10,12,12,12,False,0.02184983665738972,168.70481360630987,1,False,0.04202118231666272,3892,1,1.0,0.05162360709419915,overlap_residual_graph_independent_rank3_selector_false;overlap_residual_graph_not_spatial_3d_candidate;overlap_residual_graph_not_strict_h3_candidate,
runs/oph_universe_128k_3p1d_earned,11,512,16,4,8192,512,True,False,False,False,12,12,12,False,2.8951319768548034,3.6815447368559364,2.10871921685367,H2,True,False,False,0.11882205496193414,1,0.02162089474439213,171.45673279782076,False,8,12,12,12,False,0.021735172148517445,170.4837554396697,1,False,0.0527556362719766,4336,1,1.0,0.04322158801170207,overlap_residual_graph_independent_rank3_selector_false;overlap_residual_graph_not_spatial_3d_candidate;overlap_residual_graph_not_strict_h3_candidate,
runs/oph_universe_128k_3p1d_earned,11,512,24,1,8192,512,False,False,False,False,12,12,12,False,2.8262013713089194,3.8207902895619417,1.8316124530558973,H2,True,False,True,0.03127951912092851,13,0.02175048636213812,168.10718556851535,False,12,12,12,12,False,0.021909332575265394,167.12972078020908,1,False,0.017137092671513882,3924,10,0.9085432974559687,0.05028862569952415,overlap_residual_graph_degenerate_or_disconnected;overlap_residual_graph_independent_rank3_selector_false;overlap_residual_graph_not_spatial_3d_candidate;overlap_residual_graph_not_strict_h3_candidate,
runs/oph_universe_128k_3p1d_earned,11,512,24,2,8192,512,False,False,False,False,12,12,12,False,3.039787694304095,4.1139278011844915,1.9656475874236987,H2,True,False,True,0.038119753407769234,12,0.02174300329559333,167.8314127020946,False,11,12,12,12,False,0.021900818293901544,166.85346797701274,1,False,0.03104651034844598,4415,3,0.9844361545988258,0.044094673627178324,overlap_residual_graph_degenerate_or_disconnected;overlap_residual_graph_independent_rank3_selector_false;overlap_residual_graph_not_spatial_3d_candidate;overlap_residual_graph_not_strict_h3_candidate,
runs/oph_universe_128k_3p1d_earned,11,512,24,3,8192,512,True,False,False,False,12,12,12,False,3.0583019307066523,4.1394615685609955,1.9771422928523097,H2,True,False,False,0.06642604012705249,1,0.021797278193577622,168.50759892947906,False,11,12,12,12,False,0.021949819071310078,167.53140846497615,1,False,0.04202118231666272,4444,1,1.0,0.04523136489948362,overlap_residual_graph_independent_rank3_selector_false;overlap_residual_graph_not_spatial_3d_candidate;overlap_residual_graph_not_strict_h3_candidate,
runs/oph_universe_128k_3p1d_earned,11,512,24,4,8192,512,True,False,False,False,12,12,12,False,2.8751615630652063,3.6416039092767427,2.10871921685367,H2,True,False,False,0.11602885626438324,1,0.02174131352178716,170.37358320653254,False,8,12,12,12,False,0.021857113308497662,169.40039662410555,1,False,0.0527556362719766,5181,1,1.0,0.03645355758379561,overlap_residual_graph_independent_rank3_selector_false;overlap_residual_graph_not_spatial_3d_candidate;overlap_residual_graph_not_strict_h3_candidate,
runs/oph_universe_128k_3p1d_earned,11,768,8,1,8192,768,False,False,False,False,12,12,12,False,2.145264852067854,3.02297317967288,1.2675565244628284,H2,True,False,False,0.05957379062958026,8,0.01504563659140071,250.72578221521968,False,7,12,12,12,False,0.015121473992205033,249.75656099705844,2,False,0.010127402572475864,3378,7,0.948660229248153,0.1369061828957748,overlap_residual_graph_degenerate_or_disconnected;overlap_residual_graph_independent_rank3_selector_false;overlap_residual_graph_not_spatial_3d_candidate;overlap_residual_graph_not_strict_h3_candidate,
runs/oph_universe_128k_3p1d_earned,11,768,8,2,8192,768,False,False,False,False,12,12,12,False,2.1868955145331332,3.0703708577622733,1.3034201713039928,H2,True,False,False,0.08450669597422242,8,0.015039889448251038,251.4256408622924,False,7,12,12,12,False,0.01511566877736701,250.4571208635209,2,False,0.019156884718357334,3456,5,0.9715782540199913,0.132630254090928,overlap_residual_graph_degenerate_or_disconnected;overlap_residual_graph_independent_rank3_selector_false;overlap_residual_graph_not_spatial_3d_candidate;overlap_residual_graph_not_strict_h3_candidate,
runs/oph_universe_128k_3p1d_earned,11,768,8,3,8192,768,False,False,False,False,12,12,12,False,2.2776651677079602,3.2141004727174782,1.3412298626984418,H3,True,True,False,0.08781300457569743,6,0.01495016350838748,253.08726045739894,False,5,12,12,12,False,0.015025039105503204,252.11891674288105,2,False,0.027083259081931287,3507,4,0.9818591101694916,0.12695763520878844,overlap_residual_graph_degenerate_or_disconnected;overlap_residual_graph_independent_rank3_selector_false;overlap_residual_graph_not_spatial_3d_candidate;overlap_residual_graph_not_strict_h3_candidate,
runs/oph_universe_128k_3p1d_earned,11,768,8,4,8192,768,False,False,False,False,12,12,12,False,2.2619954003603735,3.1692379753134383,1.3547528254073085,H3,True,True,False,0.08737034897104576,15,0.015019709399123657,253.2514736797227,False,14,12,12,12,False,0.015095284997108141,252.28470979277844,2,False,0.03402324887791125,3540,4,0.9818591101694916,0.12935051415212204,overlap_residual_graph_degenerate_or_disconnected;overlap_residual_graph_independent_rank3_selector_false;overlap_residual_graph_not_spatial_3d_candidate;overlap_residual_graph_not_strict_h3_candidate,
runs/oph_universe_128k_3p1d_earned,11,768,12,1,8192,768,False,False,False,False,12,12,12,False,2.3430941925741613,3.3378260481933055,1.3483623369550168,H2,True,False,False,0.05581446166672104,9,0.015166235866142781,249.14725610279018,False,8,12,12,12,False,0.015243297012097153,248.17852155516852,1,False,0.010127402572475864,4834,7,0.948660229248153,0.09643931678377361,overlap_residual_graph_degenerate_or_disconnected;overlap_residual_graph_independent_rank3_selector_false;overlap_residual_graph_not_spatial_3d_candidate;overlap_residual_graph_not_strict_h3_candidate,
runs/oph_universe_128k_3p1d_earned,11,768,12,2,8192,768,False,False,False,False,12,12,12,False,2.3882616657660996,3.370561796460887,1.4059615350713124,H2,True,False,False,0.07556002662546052,8,0.015188628870723144,249.68427822927802,False,7,12,12,12,False,0.015265918326667976,248.71661480099434,1,False,0.019156884718357334,5046,5,0.9715782540199913,0.09207402598843255,overlap_residual_graph_degenerate_or_disconnected;overlap_residual_graph_independent_rank3_selector_false;overlap_residual_graph_not_spatial_3d_candidate;overlap_residual_graph_not_strict_h3_candidate,
runs/oph_universe_128k_3p1d_earned,11,768,12,3,8192,768,False,False,False,False,12,12,12,False,2.430753184462263,3.407374446040495,1.4541319228840308,H2,True,False,False,0.07982135893364108,11,0.015129531348992281,251.2890366434013,False,10,12,12,12,False,0.015206219004702681,250.3221247773895,1,False,0.027083259081931287,5199,4,0.9818591101694916,0.08708797652404762,overlap_residual_graph_degenerate_or_disconnected;overlap_residual_graph_independent_rank3_selector_false;overlap_residual_graph_not_spatial_3d_candidate;overlap_residual_graph_not_strict_h3_candidate,
runs/oph_universe_128k_3p1d_earned,11,768,12,4,8192,768,False,False,False,False,12,12,12,False,2.3902752280462836,3.310159026203354,1.4703914298892136,H2,True,False,False,0.08042850615578112,11,0.015214544918644587,251.0852207172788,False,10,12,12,12,False,0.015292099027830991,250.11977478227192,1,False,0.03402324887791125,5240,4,0.9818591101694916,0.08937744658920657,overlap_residual_graph_degenerate_or_disconnected;overlap_residual_graph_independent_rank3_selector_false;overlap_residual_graph_not_spatial_3d_candidate;overlap_residual_graph_not_strict_h3_candidate,
runs/oph_universe_128k_3p1d_earned,11,768,16,1,8192,768,False,False,False,False,12,12,12,False,2.4041957631099606,3.380144079485416,1.4282474467345057,H2,True,False,False,0.05463236900037584,9,0.015241598273586681,248.35350224826973,False,8,12,12,12,False,0.01531942913513949,247.38528712337978,2,False,0.010127402572475864,6102,7,0.948660229248153,0.07666147082540589,overlap_residual_graph_degenerate_or_disconnected;overlap_residual_graph_independent_rank3_selector_false;overlap_residual_graph_not_spatial_3d_candidate;overlap_residual_graph_not_strict_h3_candidate,
runs/oph_universe_128k_3p1d_earned,11,768,16,2,8192,768,False,False,False,False,12,12,12,False,2.4362814297751214,3.3786561094301235,1.4939067501201195,H2,True,False,False,0.07269499456498156,8,0.015281065337960921,248.54286524809802,False,7,12,12,12,False,0.015359300831142932,247.57564729354803,2,False,0.019156884718357334,6498,5,0.9715782540199913,0.07192891260233115,overlap_residual_graph_degenerate_or_disconnected;overlap_residual_graph_independent_rank3_selector_false;overlap_residual_graph_not_spatial_3d_candidate;overlap_residual_graph_not_strict_h3_candidate,
runs/oph_universe_128k_3p1d_earned,11,768,16,3,8192,768,False,False,False,False,12,12,12,False,2.4637639943251486,3.3668052066902923,1.560722781960005,H2,True,False,False,0.07855333260817218,11,0.015249655217365661,249.96527005918398,False,10,12,12,12,False,0.015327568596169659,248.99915807687412,2,False,0.027083259081931287,6750,4,0.9818591101694916,0.06777785848308845,overlap_residual_graph_degenerate_or_disconnected;overlap_residual_graph_independent_rank3_selector_false;overlap_residual_graph_not_spatial_3d_candidate;overlap_residual_graph_not_strict_h3_candidate,
runs/oph_universe_128k_3p1d_earned,11,768,16,4,8192,768,False,False,False,False,12,12,12,False,2.415830715624864,3.2492452942979058,1.5824161369518226,H2,True,False,False,0.07830519347318707,11,0.015338000696625548,249.73636459547942,False,10,12,12,12,False,0.01541682177097985,248.77176015150997,2,False,0.03402324887791125,6781,4,0.9818591101694916,0.06993363056280046,overlap_residual_graph_degenerate_or_disconnected;overlap_residual_graph_independent_rank3_selector_false;overlap_residual_graph_not_spatial_3d_candidate;overlap_residual_graph_not_strict_h3_candidate,
runs/oph_universe_128k_3p1d_earned,11,768,24,1,8192,768,False,False,False,False,12,12,12,False,2.4175633813489856,3.406879315963466,1.4282474467345057,H2,True,False,False,0.053793820479975,9,0.015356454247536934,246.7289735059797,False,8,12,12,12,False,0.015435465587900238,245.76103916451507,2,False,0.010127402572475864,8060,7,0.948660229248153,0.05820637178285009,overlap_residual_graph_degenerate_or_disconnected;overlap_residual_graph_independent_rank3_selector_false;overlap_residual_graph_not_spatial_3d_candidate;overlap_residual_graph_not_strict_h3_candidate,
runs/oph_universe_128k_3p1d_earned,11,768,24,2,8192,768,False,False,False,False,12,12,12,False,2.4690442840413525,3.4441818179625856,1.4939067501201195,H2,True,False,False,0.07070904138168664,13,0.015404412816888445,246.87000192109713,False,12,12,12,12,False,0.015483919713987701,245.90317297503597,2,False,0.019156884718357334,8799,5,0.9715782540199913,0.053348598611889717,overlap_residual_graph_degenerate_or_disconnected;overlap_residual_graph_independent_rank3_selector_false;overlap_residual_graph_not_spatial_3d_candidate;overlap_residual_graph_not_strict_h3_candidate,
runs/oph_universe_128k_3p1d_earned,11,768,24,3,8192,768,False,False,False,False,12,12,12,False,2.4853144127623126,3.4099060435646202,1.560722781960005,H2,True,False,False,0.07734338454020895,11,0.015402403874338989,248.28081466257825,False,10,12,12,12,False,0.01548188998175131,247.31569377033023,2,False,0.027083259081931287,9468,4,0.9818591101694916,0.0487581143120577,overlap_residual_graph_degenerate_or_disconnected;overlap_residual_graph_independent_rank3_selector_false;overlap_residual_graph_not_spatial_3d_candidate;overlap_residual_graph_not_strict_h3_candidate,
runs/oph_universe_128k_3p1d_earned,11,768,24,4,8192,768,False,False,False,False,12,12,12,False,2.4389826828359844,3.2955492287201458,1.5824161369518226,H2,True,False,False,0.07690152381290194,11,0.015500392131661959,247.60857592556908,False,10,12,12,12,False,0.01558089546146701,246.6445965917101,2,False,0.03402324887791125,9534,4,0.9818591101694916,0.050272218837610315,overlap_residual_graph_degenerate_or_disconnected;overlap_residual_graph_independent_rank3_selector_false;overlap_residual_graph_not_spatial_3d_candidate;overlap_residual_graph_not_strict_h3_candidate,
runs/oph_universe_128k_3p1d_earned,11,1024,8,1,8192,1024,False,False,False,False,12,12,12,False,1.8696522362199426,2.4474637503164924,1.2918407221233927,H3,True,True,False,0.3033463603626655,11,0.01282464354936095,313.19609592608805,False,10,12,12,12,False,0.012878605447844409,312.2481957630262,15,False,0.0081290477165762,4722,2,0.9941520802785924,0.17230930112405388,overlap_residual_graph_degenerate_or_disconnected;overlap_residual_graph_independent_rank3_selector_false;overlap_residual_graph_not_spatial_3d_candidate;overlap_residual_graph_not_strict_h3_candidate,
runs/oph_universe_128k_3p1d_earned,11,1024,8,2,8192,1024,False,False,False,False,12,12,12,False,2.128133416256414,2.9348247874343065,1.321442045078521,H3,True,True,False,0.241319037795345,6,0.012740018422988929,314.9595268493595,False,5,12,12,12,False,0.012793231227660753,314.0112501320133,15,False,0.016004475833560603,4820,2,0.9941520802785924,0.1655263139133501,overlap_residual_graph_degenerate_or_disconnected;overlap_residual_graph_independent_rank3_selector_false;overlap_residual_graph_not_spatial_3d_candidate;overlap_residual_graph_not_strict_h3_candidate,
runs/oph_universe_128k_3p1d_earned,11,1024,8,3,8192,1024,False,False,False,False,12,12,12,False,2.157879375800784,2.9880605550979182,1.32769819650365,H3,True,True,False,0.2366224188799435,6,0.012729392396213858,315.7914034016806,False,5,12,12,12,False,0.012782532272729465,314.843831138935,15,False,0.023024496571213183,4839,2,0.9941520802785924,0.16481658090218618,overlap_residual_graph_degenerate_or_disconnected;overlap_residual_graph_independent_rank3_selector_false;overlap_residual_graph_not_spatial_3d_candidate;overlap_residual_graph_not_strict_h3_candidate,
runs/oph_universe_128k_3p1d_earned,11,1024,8,4,8192,1024,True,False,False,False,12,12,12,False,2.2052126827061738,3.060770090472734,1.3496552749396133,H3,True,True,False,0.2749390411166024,6,0.012651144219754877,317.8374345727098,False,5,12,12,12,False,0.012703651255309225,316.8899744766629,15,False,0.029886143437390413,4855,1,1.0,0.16156607363966274,overlap_residual_graph_independent_rank3_selector_false;overlap_residual_graph_not_spatial_3d_candidate;overlap_residual_graph_not_strict_h3_candidate,
runs/oph_universe_128k_3p1d_earned,11,1024,12,1,8192,1024,False,False,False,False,12,12,12,False,2.0011877654484125,2.6833825286007564,1.3189930022960683,H3,True,True,False,0.2583803049373492,3,0.012921313853610748,311.69485555046003,False,2,12,12,12,False,0.012974996054771142,310.74803819547157,15,False,0.0081290477165762,6635,2,0.9941520802785924,0.12378443544434624,overlap_residual_graph_degenerate_or_disconnected;overlap_residual_graph_independent_rank3_selector_false;overlap_residual_graph_not_spatial_3d_candidate;overlap_residual_graph_not_strict_h3_candidate,
runs/oph_universe_128k_3p1d_earned,11,1024,12,2,8192,1024,False,False,False,False,12,12,12,False,2.4264907165432463,3.4932041376861007,1.3597772954003915,H2,True,False,False,0.19148983811959702,3,0.012854797648435575,313.39525205238164,False,2,12,12,12,False,0.012904945301314133,312.44857734520474,15,False,0.016004475833560603,7194,2,0.9941520802785924,0.11224981192644465,overlap_residual_graph_degenerate_or_disconnected;overlap_residual_graph_independent_rank3_selector_false;overlap_residual_graph_not_spatial_3d_candidate;overlap_residual_graph_not_strict_h3_candidate,
runs/oph_universe_128k_3p1d_earned,11,1024,12,3,8192,1024,False,False,False,False,12,12,12,False,2.466066065139792,3.560725801572532,1.3714063287070521,H3,True,True,False,0.17281438718469694,3,0.012849170941773957,314.1680163669442,False,2,12,12,12,False,0.012898851141162846,313.22214456032475,15,False,0.023024496571213183,7311,2,0.9941520802785924,0.11061876412166013,overlap_residual_graph_degenerate_or_disconnected;overlap_residual_graph_independent_rank3_selector_false;overlap_residual_graph_not_spatial_3d_candidate;overlap_residual_graph_not_strict_h3_candidate,
runs/oph_universe_128k_3p1d_earned,11,1024,12,4,8192,1024,True,False,False,False,12,12,12,False,2.487318516074477,3.57459130845714,1.400045723691814,H2,True,False,False,0.22298674293350332,4,0.012793795733827891,316.06061762051,False,3,12,12,12,False,0.01284461593600891,315.1154176124409,15,False,0.029886143437390413,7399,1,1.0,0.10783514411674007,overlap_residual_graph_independent_rank3_selector_false;overlap_residual_graph_not_spatial_3d_candidate;overlap_residual_graph_not_strict_h3_candidate,
runs/oph_universe_128k_3p1d_earned,11,1024,16,1,8192,1024,False,False,False,False,12,12,12,False,2.0450786526020326,2.738463801692604,1.3516935035114608,H2,True,False,False,0.24549385545535318,6,0.012969202858989113,310.8698098858847,False,5,12,12,12,False,0.01302225525440061,309.9234236815278,15,False,0.0081290477165762,8313,2,0.9941520802785924,0.09908712699692888,overlap_residual_graph_degenerate_or_disconnected;overlap_residual_graph_independent_rank3_selector_false;overlap_residual_graph_not_spatial_3d_candidate;overlap_residual_graph_not_strict_h3_candidate,
runs/oph_universe_128k_3p1d_earned,11,1024,16,2,8192,1024,False,False,False,False,12,12,12,False,2.4320737940600363,3.474353392281147,1.389794195838926,H2,True,False,False,0.18669631298871053,3,0.012929061179998716,312.39880180969664,False,2,12,12,12,False,0.012978036249841115,311.45318384035613,15,False,0.016004475833560603,9568,2,0.9941520802785924,0.0849641165397574,overlap_residual_graph_degenerate_or_disconnected;overlap_residual_graph_independent_rank3_selector_false;overlap_residual_graph_not_spatial_3d_candidate;overlap_residual_graph_not_strict_h3_candidate,
runs/oph_universe_128k_3p1d_earned,11,1024,16,3,8192,1024,False,False,False,False,12,12,12,False,2.457345685675614,3.5119985909005886,1.4026927804506393,H3,True,True,False,0.17684717605778202,3,0.012927264175532546,313.18314786338806,False,2,12,12,12,False,0.012975981278305395,312.2384785226482,15,False,0.023024496571213183,9806,2,0.9941520802785924,0.08315828466302373,overlap_residual_graph_degenerate_or_disconnected;overlap_residual_graph_independent_rank3_selector_false;overlap_residual_graph_not_spatial_3d_candidate;overlap_residual_graph_not_strict_h3_candidate,
runs/oph_universe_128k_3p1d_earned,11,1024,16,4,8192,1024,True,False,False,False,12,12,12,False,2.4791313114133957,3.524350186448096,1.4339124363786953,H2,True,False,False,0.22080129846715904,4,0.012891352732380732,314.7898785262779,False,3,12,12,12,False,0.012941969660133687,313.84615048884814,15,False,0.029886143437390413,10011,1,1.0,0.08062593396805337,overlap_residual_graph_independent_rank3_selector_false;overlap_residual_graph_not_spatial_3d_candidate;overlap_residual_graph_not_strict_h3_candidate,
runs/oph_universe_128k_3p1d_earned,11,1024,24,1,8192,1024,False,False,False,False,12,12,12,False,2.1262636137208544,2.9008337239302477,1.3516935035114608,H2,True,False,False,0.23442645491769643,3,0.013043621436332508,309.73546943077565,False,2,12,12,12,False,0.013095558094348118,308.78993641004854,15,False,0.0081290477165762,11243,2,0.9941520802785924,0.07344872644806165,overlap_residual_graph_degenerate_or_disconnected;overlap_residual_graph_independent_rank3_selector_false;overlap_residual_graph_not_spatial_3d_candidate;overlap_residual_graph_not_strict_h3_candidate,
runs/oph_universe_128k_3p1d_earned,11,1024,24,2,8192,1024,False,False,False,False,12,12,12,False,2.4805978751244275,3.571401554409929,1.389794195838926,H3,True,True,False,0.18136266330267553,7,0.013016198945722016,311.1623133888669,False,6,12,12,12,False,0.013063867389373195,310.2178499361742,15,False,0.016004475833560603,13096,2,0.9941520802785924,0.06238429731252218,overlap_residual_graph_degenerate_or_disconnected;overlap_residual_graph_independent_rank3_selector_false;overlap_residual_graph_not_spatial_3d_candidate;overlap_residual_graph_not_strict_h3_candidate,
runs/oph_universe_128k_3p1d_earned,11,1024,24,3,8192,1024,False,False,False,False,12,12,12,False,2.493226537444804,3.5837602944389686,1.4026927804506393,H3,True,True,False,0.17258993747821252,3,0.013028644310742375,311.85309353256145,False,2,12,12,12,False,0.013076128861503368,310.909915946789,15,False,0.023024496571213183,13668,2,0.9941520802785924,0.06010684490847742,overlap_residual_graph_degenerate_or_disconnected;overlap_residual_graph_independent_rank3_selector_false;overlap_residual_graph_not_spatial_3d_candidate;overlap_residual_graph_not_strict_h3_candidate,
runs/oph_universe_128k_3p1d_earned,11,1024,24,4,8192,1024,True,False,False,False,12,12,12,False,2.4797662224574535,3.5256200085362117,1.4339124363786953,H2,True,False,False,0.21066562878214945,4,0.013027663256640759,313.21325795778637,False,3,12,12,12,False,0.013078445515370426,312.27183937706695,15,False,0.029886143437390413,14592,1,1.0,0.05602518017774521,overlap_residual_graph_independent_rank3_selector_false;overlap_residual_graph_not_spatial_3d_candidate;overlap_residual_graph_not_strict_h3_candidate,
runs/oph_universe_128k_3p1d_earned,17,512,8,1,8192,512,False,False,False,False,12,12,12,False,1.5324788110586642,1.9393313860938213,1.1256262360235072,H3,True,True,False,0.07653350631279039,11,0.020404193401582053,173.23536991420238,False,10,12,12,12,False,0.0205439207791838,172.25049597501294,2,False,0.010668636543385663,1690,33,0.5360888576320939,0.12178997133077028,overlap_residual_graph_degenerate_or_disconnected;overlap_residual_graph_independent_rank3_selector_false;overlap_residual_graph_not_spatial_3d_candidate;overlap_residual_graph_not_strict_h3_candidate,
runs/oph_universe_128k_3p1d_earned,17,512,8,2,8192,512,False,False,False,False,12,12,12,False,1.559566978497787,1.9774615953940626,1.1416723616015114,H3,True,True,False,0.07802464219109785,1,0.020402203617412386,174.83399028423835,False,2,12,12,12,False,0.02054190365107185,173.8509431488007,2,False,0.020809424850288426,1746,32,0.5305237891389433,0.11822065175609024,overlap_residual_graph_degenerate_or_disconnected;overlap_residual_graph_independent_rank3_selector_false;overlap_residual_graph_not_spatial_3d_candidate;overlap_residual_graph_not_strict_h3_candidate,
runs/oph_universe_128k_3p1d_earned,17,512,8,3,8192,512,False,False,False,False,12,12,12,False,2.179919220560684,2.991486886337166,1.368351554784202,H4,True,False,True,0.03782869162800312,4,0.02015820118290725,177.59209928123724,False,3,12,12,12,False,0.02029456851458635,176.60981065139873,2,False,0.030689861038848527,1965,25,0.7097144080234834,0.09793922458619989,overlap_residual_graph_degenerate_or_disconnected;overlap_residual_graph_independent_rank3_selector_false;overlap_residual_graph_not_spatial_3d_candidate;overlap_residual_graph_not_strict_h3_candidate,
runs/oph_universe_128k_3p1d_earned,17,512,8,4,8192,512,False,False,False,False,12,12,12,False,2.36716446004921,3.2114255377502863,1.5229033823481335,H2,True,False,True,0.03153091199478973,1,0.02025844851605487,175.983127891153,False,15,12,12,12,False,0.02039618017136344,174.999972304495,2,False,0.03906117017042469,2016,23,0.772803021037182,0.09541886383292365,overlap_residual_graph_degenerate_or_disconnected;overlap_residual_graph_independent_rank3_selector_false;overlap_residual_graph_not_spatial_3d_candidate;overlap_residual_graph_not_strict_h3_candidate,
runs/oph_universe_128k_3p1d_earned,17,512,12,1,8192,512,False,False,False,False,12,12,12,False,1.6289066873938507,2.051052648212333,1.2067607265753684,H3,True,True,False,0.07765556694052629,5,0.020563117369800668,171.40290728058258,False,4,12,12,12,False,0.02070503740792241,170.41748000592122,1,False,0.010668636543385663,2073,33,0.5360888576320939,0.09943139632726983,overlap_residual_graph_degenerate_or_disconnected;overlap_residual_graph_independent_rank3_selector_false;overlap_residual_graph_not_spatial_3d_candidate;overlap_residual_graph_not_strict_h3_candidate,
runs/oph_universe_128k_3p1d_earned,17,512,12,2,8192,512,False,False,False,False,12,12,12,False,1.6122459705745484,2.038564032841195,1.1859279083079015,H3,True,True,False,0.075395967178327,6,0.020582867515328902,172.66935051445046,False,5,12,12,12,False,0.020725061245281805,171.68555845442384,1,False,0.020809424850288426,2210,32,0.5305237891389433,0.09409331233140024,overlap_residual_graph_degenerate_or_disconnected;overlap_residual_graph_independent_rank3_selector_false;overlap_residual_graph_not_spatial_3d_candidate;overlap_residual_graph_not_strict_h3_candidate,
runs/oph_universe_128k_3p1d_earned,17,512,12,3,8192,512,False,False,False,False,12,12,12,False,2.1704421466204895,2.8735378554466986,1.4673464377942802,H4,True,False,True,0.03392136882730919,1,0.02041240320045689,175.63161173965722,False,1,12,12,12,False,0.020552243426958557,174.64963017552722,1,False,0.030689861038848527,2694,25,0.7097144080234834,0.0723653199069067,overlap_residual_graph_degenerate_or_disconnected;overlap_residual_graph_independent_rank3_selector_false;overlap_residual_graph_not_spatial_3d_candidate;overlap_residual_graph_not_strict_h3_candidate,
runs/oph_universe_128k_3p1d_earned,17,512,12,4,8192,512,False,False,False,False,12,12,12,False,2.327097410944634,3.029156197459108,1.6250386244301596,H2,True,False,True,0.03079027651201272,6,0.02048507462621642,175.10771957071566,False,5,12,12,12,False,0.020625915767459906,174.1258602124,1,False,0.03906117017042469,2779,23,0.772803021037182,0.0703562611744112,overlap_residual_graph_degenerate_or_disconnected;overlap_residual_graph_independent_rank3_selector_false;overlap_residual_graph_not_spatial_3d_candidate;overlap_residual_graph_not_strict_h3_candidate,
runs/oph_universe_128k_3p1d_earned,17,512,16,1,8192,512,False,False,False,False,12,12,12,False,1.6849580124525947,2.083560133123543,1.2863558917816462,H3,True,True,False,0.07656717216030534,15,0.020641098178394372,171.0457749266693,False,14,12,12,12,False,0.020784100397344765,170.0606741814564,1,False,0.010668636543385663,2426,33,0.5360888576320939,0.0849967731296932,overlap_residual_graph_degenerate_or_disconnected;overlap_residual_graph_independent_rank3_selector_false;overlap_residual_graph_not_spatial_3d_candidate;overlap_residual_graph_not_strict_h3_candidate,
runs/oph_universe_128k_3p1d_earned,17,512,16,2,8192,512,False,False,False,False,12,12,12,False,1.6696846673958707,2.0730609630473724,1.2663083717443693,H3,True,True,False,0.07389144932754978,2,0.020680661382534823,171.67173854269845,False,1,12,12,12,False,0.020824214223506048,170.68773454441543,1,False,0.020809424850288426,2555,32,0.5305237891389433,0.08145171263312034,overlap_residual_graph_degenerate_or_disconnected;overlap_residual_graph_independent_rank3_selector_false;overlap_residual_graph_not_spatial_3d_candidate;overlap_residual_graph_not_strict_h3_candidate,
runs/oph_universe_128k_3p1d_earned,17,512,16,3,8192,512,False,False,False,False,12,12,12,False,2.20876362120521,2.8154419467570495,1.6020852956533704,H4,True,False,True,0.03334460576673906,12,0.02055824785717878,174.53421991115385,False,11,12,12,12,False,0.02070010045579165,173.55242248290457,1,False,0.030689861038848527,3246,25,0.7097144080234834,0.0603998701638855,overlap_residual_graph_degenerate_or_disconnected;overlap_residual_graph_independent_rank3_selector_false;overlap_residual_graph_not_spatial_3d_candidate;overlap_residual_graph_not_strict_h3_candidate,
runs/oph_universe_128k_3p1d_earned,17,512,16,4,8192,512,False,False,False,False,12,12,12,False,2.3762484562724,2.9374477347619234,1.8150491777828766,H2,True,False,True,0.031327690031309835,1,0.020642133311756815,174.05911487544165,False,7,12,12,12,False,0.020785149923632958,173.07760969894733,1,False,0.03906117017042469,3343,23,0.772803021037182,0.05895773154622617,overlap_residual_graph_degenerate_or_disconnected;overlap_residual_graph_independent_rank3_selector_false;overlap_residual_graph_not_spatial_3d_candidate;overlap_residual_graph_not_strict_h3_candidate,
runs/oph_universe_128k_3p1d_earned,17,512,24,1,8192,512,False,False,False,False,12,12,12,False,1.6820417984625617,2.07575973516534,1.2883238617597834,H3,True,True,False,0.07562807466464495,2,0.020800642637142586,169.0334432490778,False,1,12,12,12,False,0.020945871835399758,168.0475566761482,1,False,0.010668636543385663,3142,33,0.5360888576320939,0.06568026310409181,overlap_residual_graph_degenerate_or_disconnected;overlap_residual_graph_independent_rank3_selector_false;overlap_residual_graph_not_spatial_3d_candidate;overlap_residual_graph_not_strict_h3_candidate,
runs/oph_universe_128k_3p1d_earned,17,512,24,2,8192,512,False,False,False,False,12,12,12,False,1.6815862242361908,2.0968640767280124,1.2663083717443693,H3,True,True,False,0.07300843510452001,2,0.020831332880980515,169.64185491082182,False,1,12,12,12,False,0.02097699245184927,168.65693580806467,1,False,0.020809424850288426,3198,32,0.5305237891389433,0.06511731922622234,overlap_residual_graph_degenerate_or_disconnected;overlap_residual_graph_independent_rank3_selector_false;overlap_residual_graph_not_spatial_3d_candidate;overlap_residual_graph_not_strict_h3_candidate,
runs/oph_universe_128k_3p1d_earned,17,512,24,3,8192,512,False,False,False,False,12,12,12,False,2.23074724923026,2.8594092028071496,1.6020852956533704,H4,True,False,True,0.032852972786934734,3,0.02070083766933383,172.54042094748598,False,2,12,12,12,False,0.020844671724547282,171.55765181799262,1,False,0.030689861038848527,3797,25,0.7097144080234834,0.05169715308234182,overlap_residual_graph_degenerate_or_disconnected;overlap_residual_graph_independent_rank3_selector_false;overlap_residual_graph_not_spatial_3d_candidate;overlap_residual_graph_not_strict_h3_candidate,
runs/oph_universe_128k_3p1d_earned,17,512,24,4,8192,512,False,False,False,False,12,12,12,False,2.36062432098323,2.9061994641835827,1.8150491777828766,H2,True,False,True,0.03133496752757209,4,0.020829559737118305,171.8137215122821,False,15,12,12,12,False,0.020975194425546496,170.83136991454617,1,False,0.03906117017042469,4031,23,0.772803021037182,0.04920074344801695,overlap_residual_graph_degenerate_or_disconnected;overlap_residual_graph_independent_rank3_selector_false;overlap_residual_graph_not_spatial_3d_candidate;overlap_residual_graph_not_strict_h3_candidate,
runs/oph_universe_128k_3p1d_earned,17,768,8,1,8192,768,False,False,False,False,12,12,12,False,1.950099194793593,2.643677028070167,1.2565213615170192,H3,True,True,False,0.1130803901246979,9,0.015234966875934421,249.02934469034358,False,8,12,12,12,False,0.015312729853299458,248.06180700037174,2,False,0.009390310889671353,3259,7,0.9613347457627118,0.1394035740288375,overlap_residual_graph_degenerate_or_disconnected;overlap_residual_graph_independent_rank3_selector_false;overlap_residual_graph_not_spatial_3d_candidate;overlap_residual_graph_not_strict_h3_candidate,
runs/oph_universe_128k_3p1d_earned,17,768,8,2,8192,768,False,False,False,False,12,12,12,False,2.2710451128863474,3.208618726407143,1.3334714993655516,H2,True,False,False,0.08962776453347154,7,0.015247335922006777,249.37688663969632,False,6,12,12,12,False,0.015325225542649873,248.4100117556408,2,False,0.018522469143495684,3469,6,0.9690046447196871,0.1309704412395651,overlap_residual_graph_degenerate_or_disconnected;overlap_residual_graph_independent_rank3_selector_false;overlap_residual_graph_not_spatial_3d_candidate;overlap_residual_graph_not_strict_h3_candidate,
runs/oph_universe_128k_3p1d_earned,17,768,8,3,8192,768,True,False,False,False,12,12,12,False,2.7298037710980783,3.9951920033773947,1.4644155388187619,H2,True,False,False,0.23754321842050205,2,0.015181247389320633,251.30221454635227,False,1,12,12,12,False,0.01524245631097641,250.336839197807,2,False,0.02749106151453948,4196,1,1.0,0.1039850120099583,overlap_residual_graph_independent_rank3_selector_false;overlap_residual_graph_not_spatial_3d_candidate;overlap_residual_graph_not_strict_h3_candidate,
runs/oph_universe_128k_3p1d_earned,17,768,8,4,8192,768,True,False,False,False,12,12,12,False,2.6722294248340748,3.8780102075057172,1.4664486421624323,H2,True,False,False,0.22900572886462733,1,0.015086558158881007,252.23600819201076,False,1,12,12,12,False,0.015145279489416382,251.269909715105,2,False,0.03464700659404231,4232,1,1.0,0.10121948405274686,overlap_residual_graph_independent_rank3_selector_false;overlap_residual_graph_not_spatial_3d_candidate;overlap_residual_graph_not_strict_h3_candidate,
runs/oph_universe_128k_3p1d_earned,17,768,12,1,8192,768,False,False,False,False,12,12,12,False,2.0417267244206885,2.762645105251767,1.32080834358961,H2,True,False,False,0.10437299507870763,9,0.01531696262045001,248.07853806755767,False,8,12,12,12,False,0.015395567062187398,247.1114637987119,3,False,0.009390310889671353,4355,7,0.9613347457627118,0.10502216523221901,overlap_residual_graph_degenerate_or_disconnected;overlap_residual_graph_independent_rank3_selector_false;overlap_residual_graph_not_spatial_3d_candidate;overlap_residual_graph_not_strict_h3_candidate,
runs/oph_universe_128k_3p1d_earned,17,768,12,2,8192,768,False,False,False,False,12,12,12,False,2.4204763320339677,3.4414815260701537,1.3994711379977818,H2,True,False,False,0.1003340098866301,7,0.015340713182497578,248.22948269978806,False,6,12,12,12,False,0.015419562209583166,247.26306199520036,3,False,0.018522469143495684,4870,6,0.9690046447196871,0.09413824141728924,overlap_residual_graph_degenerate_or_disconnected;overlap_residual_graph_independent_rank3_selector_false;overlap_residual_graph_not_spatial_3d_candidate;overlap_residual_graph_not_strict_h3_candidate,
runs/oph_universe_128k_3p1d_earned,17,768,12,3,8192,768,True,False,False,False,12,12,12,False,2.783258280088618,4.014901289257365,1.5516152709198716,H2,True,False,False,0.21974354221703682,1,0.01529908731542004,249.81658079668,False,3,12,12,12,False,0.015346435345827608,248.8525082532624,3,False,0.02749106151453948,6316,1,1.0,0.07008635176326233,overlap_residual_graph_independent_rank3_selector_false;overlap_residual_graph_not_spatial_3d_candidate;overlap_residual_graph_not_strict_h3_candidate,
runs/oph_universe_128k_3p1d_earned,17,768,12,4,8192,768,True,False,False,False,12,12,12,False,2.728110824616452,3.8852537088987122,1.5709679403341916,H2,True,False,False,0.21642382859869763,1,0.015213531275935081,250.82201138953505,False,3,12,12,12,False,0.015255488728560722,249.85766219932333,3,False,0.03464700659404231,6372,1,1.0,0.06832300179720135,overlap_residual_graph_independent_rank3_selector_false;overlap_residual_graph_not_spatial_3d_candidate;overlap_residual_graph_not_strict_h3_candidate,
runs/oph_universe_128k_3p1d_earned,17,768,16,1,8192,768,False,False,False,False,12,12,12,False,2.0826533813757986,2.75414320530119,1.4111635574504071,H2,True,False,False,0.10296792334124236,11,0.015370605592518495,247.33632217682552,False,10,12,12,12,False,0.015449762997026883,246.3693991998467,1,False,0.009390310889671353,5291,7,0.9613347457627118,0.08659823640161866,overlap_residual_graph_degenerate_or_disconnected;overlap_residual_graph_independent_rank3_selector_false;overlap_residual_graph_not_spatial_3d_candidate;overlap_residual_graph_not_strict_h3_candidate,
runs/oph_universe_128k_3p1d_earned,17,768,16,2,8192,768,False,False,False,False,12,12,12,False,2.470102924954749,3.4533148241162204,1.4868910257932775,H2,True,False,False,0.09891006573969917,7,0.015398046450737642,247.40917135546007,False,6,12,12,12,False,0.015477487474428276,246.44287944350734,1,False,0.018522469143495684,5881,6,0.9690046447196871,0.07818336045967374,overlap_residual_graph_degenerate_or_disconnected;overlap_residual_graph_independent_rank3_selector_false;overlap_residual_graph_not_spatial_3d_candidate;overlap_residual_graph_not_strict_h3_candidate,
runs/oph_universe_128k_3p1d_earned,17,768,16,3,8192,768,True,False,False,False,12,12,12,False,2.711241551985303,3.8087892516020783,1.6136938523685276,H2,True,False,False,0.21829386899973596,1,0.015398592707694473,248.79362648785389,False,7,12,12,12,False,0.015444958564001573,247.8303135737205,1,False,0.02749106151453948,7979,1,1.0,0.055965198876110824,overlap_residual_graph_independent_rank3_selector_false;overlap_residual_graph_not_spatial_3d_candidate;overlap_residual_graph_not_strict_h3_candidate,
runs/oph_universe_128k_3p1d_earned,17,768,16,4,8192,768,True,False,False,False,12,12,12,False,2.6593170975035147,3.677715060624597,1.6409191343824325,H2,True,False,False,0.20797598936513456,1,0.015330519826909804,250.00180445729146,False,7,12,12,12,False,0.015371058092509405,249.03886994854838,1,False,0.03464700659404231,8115,1,1.0,0.05420940679529317,overlap_residual_graph_independent_rank3_selector_false;overlap_residual_graph_not_spatial_3d_candidate;overlap_residual_graph_not_strict_h3_candidate,
runs/oph_universe_128k_3p1d_earned,17,768,24,1,8192,768,False,False,False,False,12,12,12,False,2.084385961316864,2.7576083651833208,1.4111635574504071,H2,True,False,False,0.10130861370542034,11,0.01547456747751272,245.6185173728746,False,10,12,12,12,False,0.01555480208902134,244.65152669330956,1,False,0.009390310889671353,6979,7,0.9613347457627118,0.06577647791700536,overlap_residual_graph_degenerate_or_disconnected;overlap_residual_graph_independent_rank3_selector_false;overlap_residual_graph_not_spatial_3d_candidate;overlap_residual_graph_not_strict_h3_candidate,
runs/oph_universe_128k_3p1d_earned,17,768,24,2,8192,768,False,False,False,False,12,12,12,False,2.481665216596109,3.4763613945660268,1.4869690386261916,H2,True,False,False,0.10001137179938216,7,0.015498602201807344,245.70453327665328,False,6,12,12,12,False,0.015579086891942527,244.73811925294882,1,False,0.018522469143495684,7507,6,0.9690046447196871,0.06135851115532154,overlap_residual_graph_degenerate_or_disconnected;overlap_residual_graph_independent_rank3_selector_false;overlap_residual_graph_not_spatial_3d_candidate;overlap_residual_graph_not_strict_h3_candidate,
runs/oph_universe_128k_3p1d_earned,17,768,24,3,8192,768,True,False,False,False,12,12,12,False,2.6914439867965236,3.76919412122452,1.6136938523685276,H2,True,False,False,0.21570396757670934,1,0.01550914707192125,247.28180689293967,False,6,12,12,12,False,0.015556423160923488,246.31883561072567,1,False,0.02749106151453948,10294,1,1.0,0.043635071047315684,overlap_residual_graph_independent_rank3_selector_false;overlap_residual_graph_not_spatial_3d_candidate;overlap_residual_graph_not_strict_h3_candidate,
runs/oph_universe_128k_3p1d_earned,17,768,24,4,8192,768,True,False,False,False,12,12,12,False,2.609753412526076,3.578587690669719,1.6409191343824325,H2,True,False,False,0.20455154971917397,1,0.01549321185545484,248.27423870954775,False,7,12,12,12,False,0.015535028523077192,247.31248451145188,1,False,0.03464700659404231,11064,1,1.0,0.04021450776812473,overlap_residual_graph_independent_rank3_selector_false;overlap_residual_graph_not_spatial_3d_candidate;overlap_residual_graph_not_strict_h3_candidate,
runs/oph_universe_128k_3p1d_earned,17,1024,8,1,8192,1024,False,False,False,False,12,12,12,False,1.9270100354024242,2.5444059186533137,1.3096141521515345,H4,True,False,False,0.3754417644606871,9,0.01294981500417505,311.6442303334674,False,8,12,12,12,False,0.013003487269270494,310.6983063366572,12,False,0.008393944205957606,4802,1,1.0,0.1709981709198128,overlap_residual_graph_negative_controls_did_not_all_fail;overlap_residual_graph_independent_rank3_selector_false;overlap_residual_graph_not_spatial_3d_candidate;overlap_residual_graph_not_strict_h3_candidate,
runs/oph_universe_128k_3p1d_earned,17,1024,8,2,8192,1024,False,False,False,False,12,12,12,False,1.9290618552906031,2.52391060331202,1.3342131072691858,H4,True,False,False,0.3768370464590082,9,0.012956844296782372,312.4885449156064,False,8,12,12,12,False,0.013010580246229949,311.5439347195953,12,False,0.015288043459316288,4833,1,1.0,0.17014189563746945,overlap_residual_graph_negative_controls_did_not_all_fail;overlap_residual_graph_independent_rank3_selector_false;overlap_residual_graph_not_spatial_3d_candidate;overlap_residual_graph_not_strict_h3_candidate,
runs/oph_universe_128k_3p1d_earned,17,1024,8,3,8192,1024,True,False,False,False,12,12,12,False,2.035472583384964,2.736635747545269,1.3343094192246592,H3,True,True,False,0.35110557644239354,2,0.012797723254507825,315.33619292011906,False,1,12,12,12,False,0.012849822535192434,314.3902689894652,12,False,0.02205773139081555,4847,1,1.0,0.1644691769207005,overlap_residual_graph_independent_rank3_selector_false;overlap_residual_graph_not_spatial_3d_candidate;overlap_residual_graph_not_strict_h3_candidate,
runs/oph_universe_128k_3p1d_earned,17,1024,8,4,8192,1024,False,False,False,False,12,12,12,False,2.004786862977661,2.6534998206557643,1.356073905299558,H3,True,True,False,0.33554128873282396,2,0.012778863410707489,316.45073543022977,False,1,12,12,12,False,0.012830329609385797,315.5056482231096,12,False,0.027982707827534842,4885,1,1.0,0.16209340281099852,overlap_residual_graph_negative_controls_did_not_all_fail;overlap_residual_graph_independent_rank3_selector_false;overlap_residual_graph_not_spatial_3d_candidate;overlap_residual_graph_not_strict_h3_candidate,
runs/oph_universe_128k_3p1d_earned,17,1024,12,1,8192,1024,False,False,False,False,12,12,12,False,2.233890593781685,3.118831075615944,1.3489501119474263,H3,True,True,False,0.3087347582606229,1,0.013058129024111312,310.127638917743,False,1,12,12,12,False,0.01310885094245385,309.18329773495446,13,False,0.008393944205957606,7141,1,1.0,0.11606743859631605,overlap_residual_graph_negative_controls_did_not_all_fail;overlap_residual_graph_independent_rank3_selector_false;overlap_residual_graph_not_spatial_3d_candidate;overlap_residual_graph_not_strict_h3_candidate,
runs/oph_universe_128k_3p1d_earned,17,1024,12,2,8192,1024,False,False,False,False,12,12,12,False,2.231786293499283,3.0887173211271395,1.3748552658714268,H3,True,True,False,0.30780211843408484,1,0.013085629616921203,310.2373629376724,False,1,12,12,12,False,0.013136407369582496,309.29403392098885,13,False,0.015288043459316288,7193,1,1.0,0.11602095073264715,overlap_residual_graph_negative_controls_did_not_all_fail;overlap_residual_graph_independent_rank3_selector_false;overlap_residual_graph_not_spatial_3d_candidate;overlap_residual_graph_not_strict_h3_candidate,
runs/oph_universe_128k_3p1d_earned,17,1024,12,3,8192,1024,False,False,False,False,12,12,12,False,2.3404263178067355,3.2988521386386958,1.3820004969747754,H3,True,True,False,0.27671820202052344,2,0.012926196532671026,313.4524113559279,False,1,12,12,12,False,0.012974798089204053,312.5083091633159,13,False,0.02205773139081555,7363,1,1.0,0.10951506676179672,overlap_residual_graph_negative_controls_did_not_all_fail;overlap_residual_graph_independent_rank3_selector_false;overlap_residual_graph_not_spatial_3d_candidate;overlap_residual_graph_not_strict_h3_candidate,
runs/oph_universe_128k_3p1d_earned,17,1024,12,4,8192,1024,False,False,False,False,12,12,12,False,2.331562899858388,3.2666193855957455,1.396506414121031,H3,True,True,False,0.26088537496401387,2,0.012928735779822011,314.37526168762844,False,1,12,12,12,False,0.012977075944733603,313.4324594745594,13,False,0.027982707827534842,7460,1,1.0,0.10779578853110312,overlap_residual_graph_negative_controls_did_not_all_fail;overlap_residual_graph_independent_rank3_selector_false;overlap_residual_graph_not_spatial_3d_candidate;overlap_residual_graph_not_strict_h3_candidate,
runs/oph_universe_128k_3p1d_earned,17,1024,16,1,8192,1024,False,False,False,False,12,12,12,False,2.280536120271436,3.195838130235278,1.3652341103075947,H3,True,True,False,0.3013413181262777,1,0.013119249578051894,308.9779291425875,False,1,12,12,12,False,0.013167671408265302,308.03411354046574,9,False,0.008393944205957606,9475,1,1.0,0.08789095195973284,overlap_residual_graph_negative_controls_did_not_all_fail;overlap_residual_graph_independent_rank3_selector_false;overlap_residual_graph_not_spatial_3d_candidate;overlap_residual_graph_not_strict_h3_candidate,
runs/oph_universe_128k_3p1d_earned,17,1024,16,2,8192,1024,False,False,False,False,12,12,12,False,2.2760149542086703,3.159790444929391,1.3922394634879494,H3,True,True,False,0.29686808664989567,1,0.013150566565352035,309.0333157256896,False,1,12,12,12,False,0.01319882313602803,308.0905549946792,9,False,0.015288043459316288,9574,1,1.0,0.08767144679199389,overlap_residual_graph_negative_controls_did_not_all_fail;overlap_residual_graph_independent_rank3_selector_false;overlap_residual_graph_not_spatial_3d_candidate;overlap_residual_graph_not_strict_h3_candidate,
runs/oph_universe_128k_3p1d_earned,17,1024,16,3,8192,1024,False,False,False,False,12,12,12,False,2.36445744397645,3.3279659086961106,1.4009489792567897,H3,True,True,False,0.26192797098967063,1,0.01301137568563862,312.25023536638776,False,2,12,12,12,False,0.013055783972656942,311.3073442526641,9,False,0.02205773139081555,10076,1,1.0,0.0806205230901103,overlap_residual_graph_negative_controls_did_not_all_fail;overlap_residual_graph_independent_rank3_selector_false;overlap_residual_graph_not_spatial_3d_candidate;overlap_residual_graph_not_strict_h3_candidate,
runs/oph_universe_128k_3p1d_earned,17,1024,16,4,8192,1024,False,False,False,False,12,12,12,False,2.388948763907052,3.358888806906347,1.4190087209077566,H3,True,True,False,0.241050230368647,3,0.01302332818140366,313.08434613229343,False,2,12,12,12,False,0.01306703500372242,312.1429522906389,9,False,0.027982707827534842,10206,1,1.0,0.07952449224011436,overlap_residual_graph_negative_controls_did_not_all_fail;overlap_residual_graph_independent_rank3_selector_false;overlap_residual_graph_not_spatial_3d_candidate;overlap_residual_graph_not_strict_h3_candidate,
runs/oph_universe_128k_3p1d_earned,17,1024,24,1,8192,1024,False,False,False,False,12,12,12,False,2.290929897133703,3.2166256839598115,1.3652341103075947,H3,True,True,False,0.29476379656671886,1,0.0131951794443905,307.8107713010266,False,2,12,12,12,False,0.01324044691774539,306.86792643841056,9,False,0.008393944205957606,12954,1,1.0,0.06453267748176396,overlap_residual_graph_negative_controls_did_not_all_fail;overlap_residual_graph_independent_rank3_selector_false;overlap_residual_graph_not_spatial_3d_candidate;overlap_residual_graph_not_strict_h3_candidate,
runs/oph_universe_128k_3p1d_earned,17,1024,24,2,8192,1024,False,False,False,False,12,12,12,False,2.274902010159706,3.157564556831463,1.3922394634879494,H3,True,True,False,0.29049717937977354,1,0.013231985472245389,307.8094853134517,False,2,12,12,12,False,0.013276956572790412,306.86779439796334,9,False,0.015288043459316288,13209,1,1.0,0.06387301791885916,overlap_residual_graph_negative_controls_did_not_all_fail;overlap_residual_graph_independent_rank3_selector_false;overlap_residual_graph_not_spatial_3d_candidate;overlap_residual_graph_not_strict_h3_candidate,
runs/oph_universe_128k_3p1d_earned,17,1024,24,3,8192,1024,False,False,False,False,12,12,12,False,2.343653540308918,3.2863581013610457,1.4009489792567897,H2,True,False,False,0.25444452316402577,1,0.013133385612204371,310.96896088360876,False,2,12,12,12,False,0.013174233293916125,310.0283955144993,9,False,0.02205773139081555,15045,1,1.0,0.05454664799188399,overlap_residual_graph_negative_controls_did_not_all_fail;overlap_residual_graph_independent_rank3_selector_false;overlap_residual_graph_not_spatial_3d_candidate;overlap_residual_graph_not_strict_h3_candidate,
runs/oph_universe_128k_3p1d_earned,17,1024,24,4,8192,1024,False,False,False,False,12,12,12,False,2.380441597141605,3.3418744733754533,1.4190087209077566,H2,True,False,False,0.23206927758974777,1,0.013157370229812617,311.64716951678065,False,2,12,12,12,False,0.01319854025504148,310.70831154419324,9,False,0.027982707827534842,15306,1,1.0,0.053663047175996126,overlap_residual_graph_negative_controls_did_not_all_fail;overlap_residual_graph_independent_rank3_selector_false;overlap_residual_graph_not_spatial_3d_candidate;overlap_residual_graph_not_strict_h3_candidate,
